frame_number,track_id,x,y,w,h,matched,detection_count,missed_frame_count,age_frames
57,10,23.0,3254.0,19.0,10.0,1,5,0,5
58,10,31.0,3255.0,23.0,11.0,1,6,0,6
59,10,42.0,3257.0,18.0,8.0,1,7,0,7
60,10,54.0,3257.0,13.0,7.0,1,8,0,8
60,11,2053.0,2945.0,107.0,49.0,1,5,0,5
61,10,63.0,3254.0,10.0,9.0,1,9,0,9
61,11,2051.0,2932.0,109.0,21.0,1,6,0,6
62,10,68.0,3253.0,12.0,11.0,1,10,0,10
62,11,2050.0,2917.0,110.0,19.0,1,7,0,7
63,10,79.0,3253.0,8.0,11.0,1,11,0,11
63,11,2048.0,2900.0,112.0,21.0,1,8,0,8
64,10,87.0,3254.0,8.0,10.0,1,12,0,12
64,11,2048.0,2888.0,52.0,15.0,1,9,0,9
65,10,94.0,3258.0,8.0,6.0,1,13,0,13
65,11,2048.0,2870.0,112.0,19.0,1,10,0,10
66,10,97.0,3259.0,13.0,7.0,1,14,0,14
66,11,2048.0,2858.0,52.0,14.0,1,11,0,11
67,10,106.0,3259.0,17.0,9.0,1,15,0,15
67,11,2050.0,2838.0,110.0,19.0,1,12,0,12
68,10,114.0,3259.0,17.0,7.0,1,16,0,16
68,11,2050.0,2824.0,110.0,16.0,1,13,0,13
69,10,127.0,3258.0,11.0,6.0,1,17,0,17
69,11,2052.0,2804.0,108.0,22.0,1,14,0,14
70,10,130.0,3254.0,13.0,10.0,1,18,0,18
70,11,2054.0,2789.0,106.0,25.0,1,15,0,15
71,10,138.0,3254.0,13.0,10.0,1,19,0,19
71,11,2058.0,2770.0,102.0,25.0,1,16,0,16
72,10,146.0,3256.0,12.0,9.0,1,20,0,20
72,11,2062.0,2754.0,98.0,26.0,1,17,0,17
73,10,159.0,3259.0,7.0,6.0,1,21,0,21
73,11,2064.0,2735.0,96.0,30.0,1,18,0,18
74,10,163.0,3260.0,12.0,5.0,1,22,0,22
74,11,2069.0,2719.0,91.0,31.0,1,19,0,19
75,10,170.0,3258.0,18.0,10.0,1,23,0,23
75,11,2074.0,2702.0,86.0,33.0,1,20,0,20
76,10,178.0,3260.0,18.0,9.0,1,24,0,24
76,11,2074.0,2702.0,86.0,33.0,0,20,1,21
77,10,191.0,3259.0,13.0,6.0,1,25,0,25
77,11,2074.0,2702.0,86.0,33.0,0,20,2,22
78,10,199.0,3254.0,9.0,10.0,1,26,0,26
78,11,2074.0,2702.0,86.0,33.0,0,20,3,23
79,10,206.0,3254.0,15.0,10.0,1,27,0,27
79,11,2074.0,2702.0,86.0,33.0,0,20,4,24
80,10,215.0,3257.0,9.0,8.0,1,28,0,28
80,11,2074.0,2702.0,86.0,33.0,0,20,5,25
81,10,223.0,3259.0,9.0,6.0,1,29,0,29
81,11,2074.0,2702.0,86.0,33.0,0,20,6,26
82,10,232.0,3258.0,12.0,7.0,1,30,0,30
82,11,2074.0,2702.0,86.0,33.0,0,20,7,27
83,10,237.0,3258.0,18.0,10.0,1,31,0,31
83,11,2074.0,2702.0,86.0,33.0,0,20,8,28
84,10,244.0,3258.0,17.0,10.0,1,32,0,32
84,11,2074.0,2702.0,86.0,33.0,0,20,9,29
85,10,254.0,3257.0,14.0,8.0,1,33,0,33
85,11,2074.0,2702.0,86.0,33.0,0,20,10,30
86,10,262.0,3255.0,15.0,9.0,1,34,0,34
86,11,2157.0,2523.0,3.0,5.0,1,21,0,31
87,10,270.0,3255.0,15.0,10.0,1,35,0,35
87,11,2157.0,2523.0,3.0,5.0,0,21,1,32
88,10,278.0,3254.0,18.0,11.0,1,36,0,36
88,11,2157.0,2523.0,3.0,5.0,0,21,2,33
89,10,287.0,3254.0,14.0,9.0,1,37,0,37
89,11,2157.0,2523.0,3.0,5.0,0,21,3,34
90,10,299.0,3257.0,9.0,6.0,1,38,0,38
90,11,2157.0,2523.0,3.0,5.0,0,21,4,35
91,10,303.0,3256.0,17.0,9.0,1,39,0,39
91,11,2157.0,2523.0,3.0,5.0,0,21,5,36
92,10,311.0,3256.0,16.0,8.0,1,40,0,40
92,11,2157.0,2523.0,3.0,5.0,0,21,6,37
93,10,323.0,3255.0,12.0,9.0,1,41,0,41
93,11,2157.0,2523.0,3.0,5.0,0,21,7,38
94,10,332.0,3254.0,11.0,6.0,1,42,0,42
94,11,2157.0,2523.0,3.0,5.0,0,21,8,39
95,10,340.0,3252.0,9.0,8.0,1,43,0,43
95,11,2157.0,2523.0,3.0,5.0,0,21,9,40
96,10,348.0,3250.0,12.0,10.0,1,44,0,44
96,11,2157.0,2523.0,3.0,5.0,0,21,10,41
97,10,356.0,3250.0,44.0,10.0,1,45,0,45
97,11,2157.0,2523.0,3.0,5.0,0,21,11,42
98,10,365.0,3236.0,40.0,24.0,1,46,0,46
98,11,2157.0,2523.0,3.0,5.0,0,21,12,43
99,10,371.0,3222.0,47.0,38.0,1,47,0,47
99,11,2157.0,2523.0,3.0,5.0,0,21,13,44
100,10,371.0,3222.0,47.0,38.0,0,47,1,48
100,11,2157.0,2523.0,3.0,5.0,0,21,14,45
101,10,371.0,3222.0,47.0,38.0,0,47,2,49
101,11,2157.0,2523.0,3.0,5.0,0,21,15,46
102,10,399.0,3251.0,11.0,5.0,1,48,0,50
102,11,2157.0,2523.0,3.0,5.0,0,21,16,47
103,10,405.0,3248.0,10.0,8.0,1,49,0,51
103,11,2157.0,2523.0,3.0,5.0,0,21,17,48
104,10,414.0,3247.0,13.0,9.0,1,50,0,52
104,11,2157.0,2523.0,3.0,5.0,0,21,18,49
105,10,421.0,3246.0,16.0,10.0,1,51,0,53
105,11,2157.0,2523.0,3.0,5.0,0,21,19,50
106,10,431.0,3251.0,9.0,6.0,1,52,0,54
106,11,2157.0,2523.0,3.0,5.0,0,21,20,51
107,10,436.0,3250.0,16.0,9.0,1,53,0,55
107,11,2157.0,2523.0,3.0,5.0,0,21,21,52
108,10,446.0,3249.0,16.0,11.0,1,54,0,56
108,11,2157.0,2523.0,3.0,5.0,0,21,22,53
109,10,454.0,3248.0,17.0,9.0,1,55,0,57
109,11,2157.0,2523.0,3.0,5.0,0,21,23,54
110,10,463.0,3247.0,13.0,9.0,1,56,0,58
110,11,2157.0,2523.0,3.0,5.0,0,21,24,55
111,10,471.0,3245.0,12.0,11.0,1,57,0,59
111,11,2157.0,2523.0,3.0,5.0,0,21,25,56
112,10,477.0,3242.0,16.0,10.0,1,58,0,60
112,11,2157.0,2523.0,3.0,5.0,0,21,26,57
113,10,487.0,3243.0,14.0,9.0,1,59,0,61
113,11,2157.0,2523.0,3.0,5.0,0,21,27,58
113,19,189.0,19.0,64.0,32.0,1,5,0,5
114,10,494.0,3245.0,16.0,7.0,1,60,0,62
114,11,2157.0,2523.0,3.0,5.0,0,21,28,59
114,19,149.0,19.0,50.0,32.0,1,6,0,6
115,10,502.0,3246.0,14.0,7.0,1,61,0,63
115,11,2157.0,2523.0,3.0,5.0,0,21,29,60
115,19,89.0,19.0,64.0,33.0,1,7,0,7
116,10,508.0,3247.0,19.0,9.0,1,62,0,64
116,19,33.0,19.0,63.0,32.0,1,8,0,8
117,10,519.0,3246.0,18.0,10.0,1,63,0,65
117,19,33.0,19.0,63.0,32.0,0,8,1,9
118,10,531.0,3246.0,11.0,8.0,1,64,0,66
118,19,33.0,19.0,63.0,32.0,0,8,2,10
119,10,539.0,3243.0,9.0,8.0,1,65,0,67
119,19,33.0,19.0,63.0,32.0,0,8,3,11
120,10,542.0,3242.0,14.0,9.0,1,66,0,68
120,19,33.0,19.0,63.0,32.0,0,8,4,12
121,10,551.0,3240.0,15.0,12.0,1,67,0,69
121,19,33.0,19.0,63.0,32.0,0,8,5,13
122,10,559.0,3242.0,17.0,9.0,1,68,0,70
122,19,33.0,19.0,63.0,32.0,0,8,6,14
123,10,566.0,3245.0,14.0,7.0,1,69,0,71
123,19,33.0,19.0,63.0,32.0,0,8,7,15
124,10,566.0,3245.0,23.0,8.0,1,70,0,72
124,19,33.0,19.0,63.0,32.0,0,8,8,16
125,10,582.0,3247.0,18.0,10.0,1,71,0,73
125,19,33.0,19.0,63.0,32.0,0,8,9,17
125,22,2088.0,3088.0,33.0,17.0,1,5,0,5
126,10,591.0,3247.0,16.0,10.0,1,72,0,74
126,19,33.0,19.0,63.0,32.0,0,8,10,18
126,22,2081.0,3054.0,79.0,35.0,1,6,0,6
127,10,600.0,3247.0,15.0,10.0,1,73,0,75
127,19,33.0,19.0,63.0,32.0,0,8,11,19
127,22,2077.0,3034.0,83.0,39.0,1,7,0,7
128,10,609.0,3245.0,13.0,8.0,1,74,0,76
128,19,33.0,19.0,63.0,32.0,0,8,12,20
128,22,2072.0,3021.0,88.0,37.0,1,8,0,8
129,10,617.0,3244.0,11.0,9.0,1,75,0,77
129,19,33.0,19.0,63.0,32.0,0,8,13,21
129,22,2067.0,3006.0,93.0,36.0,1,9,0,9
130,10,624.0,3244.0,12.0,10.0,1,76,0,78
130,19,33.0,19.0,63.0,32.0,0,8,14,22
130,22,2063.0,2988.0,97.0,33.0,1,10,0,10
131,10,633.0,3246.0,11.0,8.0,1,77,0,79
131,19,33.0,19.0,63.0,32.0,0,8,15,23
131,22,2059.0,2975.0,101.0,28.0,1,11,0,11
132,10,642.0,3249.0,11.0,6.0,1,78,0,80
132,19,33.0,19.0,63.0,32.0,0,8,16,24
132,22,2054.0,2959.0,106.0,28.0,1,12,0,12
133,10,646.0,3249.0,18.0,7.0,1,79,0,81
133,19,33.0,19.0,63.0,32.0,0,8,17,25
133,22,2053.0,2945.0,107.0,24.0,1,13,0,13
134,10,657.0,3250.0,15.0,11.0,1,80,0,82
134,19,33.0,19.0,63.0,32.0,0,8,18,26
134,22,2051.0,2929.0,109.0,22.0,1,14,0,14
135,10,668.0,3249.0,12.0,11.0,1,81,0,83
135,19,33.0,19.0,63.0,32.0,0,8,19,27
135,22,2047.0,2921.0,60.0,16.0,1,15,0,15
136,10,676.0,3247.0,12.0,10.0,1,82,0,84
136,19,33.0,19.0,63.0,32.0,0,8,20,28
136,22,2048.0,2900.0,112.0,20.0,1,16,0,16
137,10,682.0,3246.0,12.0,9.0,1,83,0,85
137,19,33.0,19.0,63.0,32.0,0,8,21,29
137,22,2046.0,2884.0,114.0,22.0,1,17,0,17
138,10,689.0,3241.0,49.0,14.0,1,84,0,86
138,19,33.0,19.0,63.0,32.0,0,8,22,30
138,22,2047.0,2870.0,54.0,16.0,1,18,0,18
139,10,692.0,3014.0,90.0,469.0,1,85,0,87
139,19,33.0,19.0,63.0,32.0,0,8,23,31
139,22,2048.0,2856.0,38.0,9.0,1,19,0,19
140,10,692.0,3014.0,90.0,469.0,0,85,1,88
140,19,33.0,19.0,63.0,32.0,0,8,24,32
140,22,2048.0,2835.0,112.0,22.0,1,20,0,20
141,10,692.0,3014.0,90.0,469.0,0,85,2,89
141,19,33.0,19.0,63.0,32.0,0,8,25,33
141,22,2051.0,2818.0,109.0,24.0,1,21,0,21
142,10,692.0,3014.0,90.0,469.0,0,85,3,90
142,19,33.0,19.0,63.0,32.0,0,8,26,34
142,22,2052.0,2799.0,108.0,28.0,1,22,0,22
143,10,681.0,3008.0,99.0,472.0,1,86,0,91
143,19,33.0,19.0,63.0,32.0,0,8,27,35
143,22,2055.0,2782.0,105.0,30.0,1,23,0,23
144,10,681.0,3008.0,99.0,472.0,0,86,1,92
144,19,33.0,19.0,63.0,32.0,0,8,28,36
144,22,2056.0,2766.0,104.0,28.0,1,24,0,24
145,10,681.0,3008.0,99.0,472.0,0,86,2,93
145,19,33.0,19.0,63.0,32.0,0,8,29,37
145,22,2060.0,2751.0,100.0,28.0,1,25,0,25
146,10,681.0,3008.0,99.0,472.0,0,86,3,94
146,22,2064.0,2733.0,96.0,31.0,1,26,0,26
147,10,681.0,3008.0,99.0,472.0,0,86,4,95
147,22,2069.0,2714.0,91.0,33.0,1,27,0,27
148,10,681.0,3008.0,99.0,472.0,0,86,5,96
148,22,2072.0,2697.0,88.0,35.0,1,28,0,28
149,10,681.0,3008.0,99.0,472.0,0,86,6,97
149,22,2072.0,2697.0,88.0,35.0,0,28,1,29
150,10,681.0,3008.0,99.0,472.0,0,86,7,98
150,22,2083.0,2665.0,77.0,34.0,1,29,0,30
151,10,681.0,3008.0,99.0,472.0,0,86,8,99
151,22,2083.0,2665.0,77.0,34.0,0,29,1,31
151,28,765.0,3221.0,55.0,75.0,1,5,0,5
152,10,815.0,3253.0,13.0,9.0,1,87,0,100
152,22,2083.0,2665.0,77.0,34.0,0,29,2,32
152,28,765.0,3221.0,55.0,75.0,0,5,1,6
153,10,824.0,3250.0,12.0,11.0,1,88,0,101
153,22,2083.0,2665.0,77.0,34.0,0,29,3,33
153,28,765.0,3221.0,55.0,75.0,0,5,2,7
154,10,832.0,3247.0,12.0,12.0,1,89,0,102
154,22,2083.0,2665.0,77.0,34.0,0,29,4,34
154,28,765.0,3221.0,55.0,75.0,0,5,3,8
155,10,841.0,3248.0,12.0,11.0,1,90,0,103
155,22,2083.0,2665.0,77.0,34.0,0,29,5,35
155,28,765.0,3221.0,55.0,75.0,0,5,4,9
156,10,850.0,3249.0,12.0,11.0,1,91,0,104
156,22,2083.0,2665.0,77.0,34.0,0,29,6,36
156,28,765.0,3221.0,55.0,75.0,0,5,5,10
157,10,864.0,3255.0,7.0,5.0,1,92,0,105
157,22,2083.0,2665.0,77.0,34.0,0,29,7,37
157,28,765.0,3221.0,55.0,75.0,0,5,6,11
158,10,869.0,3256.0,15.0,9.0,1,93,0,106
158,22,2083.0,2665.0,77.0,34.0,0,29,8,38
158,28,765.0,3221.0,55.0,75.0,0,5,7,12
159,10,880.0,3256.0,13.0,12.0,1,94,0,107
159,22,2157.0,2523.0,3.0,5.0,1,30,0,39
159,28,765.0,3221.0,55.0,75.0,0,5,8,13
160,10,892.0,3255.0,13.0,11.0,1,95,0,108
160,22,2152.0,2506.0,3.0,3.0,1,31,0,40
160,28,765.0,3221.0,55.0,75.0,0,5,9,14
161,10,901.0,3251.0,10.0,10.0,1,96,0,109
161,22,2152.0,2506.0,3.0,3.0,0,31,1,41
161,28,765.0,3221.0,55.0,75.0,0,5,10,15
162,10,907.0,3250.0,13.0,11.0,1,97,0,110
162,22,2152.0,2506.0,3.0,3.0,0,31,2,42
162,28,765.0,3221.0,55.0,75.0,0,5,11,16
163,10,918.0,3251.0,14.0,11.0,1,98,0,111
163,22,2152.0,2506.0,3.0,3.0,0,31,3,43
163,28,765.0,3221.0,55.0,75.0,0,5,12,17
164,10,927.0,3251.0,15.0,12.0,1,99,0,112
164,22,2152.0,2506.0,3.0,3.0,0,31,4,44
164,28,765.0,3221.0,55.0,75.0,0,5,13,18
165,10,939.0,3255.0,12.0,8.0,1,100,0,113
165,22,2152.0,2506.0,3.0,3.0,0,31,5,45
165,28,765.0,3221.0,55.0,75.0,0,5,14,19
166,10,948.0,3257.0,12.0,7.0,1,101,0,114
166,22,2152.0,2506.0,3.0,3.0,0,31,6,46
166,28,765.0,3221.0,55.0,75.0,0,5,15,20
167,10,958.0,3257.0,12.0,10.0,1,102,0,115
167,22,2152.0,2506.0,3.0,3.0,0,31,7,47
167,28,765.0,3221.0,55.0,75.0,0,5,16,21
168,10,967.0,3256.0,12.0,9.0,1,103,0,116
168,22,2152.0,2506.0,3.0,3.0,0,31,8,48
168,28,765.0,3221.0,55.0,75.0,0,5,17,22
169,10,979.0,3254.0,8.0,7.0,1,104,0,117
169,22,2152.0,2506.0,3.0,3.0,0,31,9,49
169,28,765.0,3221.0,55.0,75.0,0,5,18,23
170,10,986.0,3250.0,13.0,11.0,1,105,0,118
170,22,2152.0,2506.0,3.0,3.0,0,31,10,50
170,28,768.0,3393.0,8.0,17.0,1,6,0,24
171,10,996.0,3250.0,12.0,11.0,1,106,0,119
171,22,2152.0,2506.0,3.0,3.0,0,31,11,51
171,28,768.0,3393.0,8.0,17.0,0,6,1,25
172,10,1009.0,3254.0,11.0,6.0,1,107,0,120
172,22,2152.0,2506.0,3.0,3.0,0,31,12,52
172,28,768.0,3393.0,8.0,17.0,0,6,2,26
173,10,1019.0,3255.0,11.0,6.0,1,108,0,121
173,22,2152.0,2506.0,3.0,3.0,0,31,13,53
173,28,768.0,3393.0,8.0,17.0,0,6,3,27
174,10,1027.0,3254.0,14.0,8.0,1,109,0,122
174,22,2152.0,2506.0,3.0,3.0,0,31,14,54
174,28,768.0,3393.0,8.0,17.0,0,6,4,28
175,10,1036.0,3254.0,14.0,10.0,1,110,0,123
175,22,2152.0,2506.0,3.0,3.0,0,31,15,55
175,28,768.0,3393.0,8.0,17.0,0,6,5,29
176,10,1046.0,3253.0,12.0,8.0,1,111,0,124
176,22,2152.0,2506.0,3.0,3.0,0,31,16,56
176,28,768.0,3393.0,8.0,17.0,0,6,6,30
177,10,1055.0,3249.0,12.0,8.0,1,112,0,125
177,22,2152.0,2506.0,3.0,3.0,0,31,17,57
177,28,768.0,3393.0,8.0,17.0,0,6,7,31
178,10,1063.0,3215.0,32.0,41.0,1,113,0,126
178,22,2152.0,2506.0,3.0,3.0,0,31,18,58
178,28,768.0,3393.0,8.0,17.0,0,6,8,32
179,10,1063.0,3215.0,32.0,41.0,0,113,1,127
179,22,2152.0,2506.0,3.0,3.0,0,31,19,59
179,28,768.0,3393.0,8.0,17.0,0,6,9,33
180,10,1063.0,3215.0,32.0,41.0,0,113,2,128
180,22,2152.0,2506.0,3.0,3.0,0,31,20,60
180,28,768.0,3393.0,8.0,17.0,0,6,10,34
181,10,1063.0,3215.0,32.0,41.0,0,113,3,129
181,22,2152.0,2506.0,3.0,3.0,0,31,21,61
181,28,768.0,3393.0,8.0,17.0,0,6,11,35
182,10,1065.0,3248.0,56.0,17.0,1,114,0,130
182,22,2152.0,2506.0,3.0,3.0,0,31,22,62
182,28,768.0,3393.0,8.0,17.0,0,6,12,36
183,10,1058.0,3247.0,64.0,23.0,1,115,0,131
183,22,2152.0,2506.0,3.0,3.0,0,31,23,63
183,28,768.0,3393.0,8.0,17.0,0,6,13,37
184,10,1127.0,3244.0,9.0,11.0,1,116,0,132
184,22,2152.0,2506.0,3.0,3.0,0,31,24,64
184,28,768.0,3393.0,8.0,17.0,0,6,14,38
185,10,1136.0,3240.0,10.0,9.0,1,117,0,133
185,22,2152.0,2506.0,3.0,3.0,0,31,25,65
185,28,768.0,3393.0,8.0,17.0,0,6,15,39
186,10,1144.0,3237.0,12.0,10.0,1,118,0,134
186,22,2152.0,2506.0,3.0,3.0,0,31,26,66
186,28,768.0,3393.0,8.0,17.0,0,6,16,40
187,10,1153.0,3235.0,13.0,12.0,1,119,0,135
187,22,2152.0,2506.0,3.0,3.0,0,31,27,67
187,28,768.0,3393.0,8.0,17.0,0,6,17,41
188,10,1164.0,3236.0,11.0,10.0,1,120,0,136
188,22,2152.0,2506.0,3.0,3.0,0,31,28,68
188,28,768.0,3393.0,8.0,17.0,0,6,18,42
189,10,1176.0,3240.0,12.0,7.0,1,121,0,137
189,22,2152.0,2506.0,3.0,3.0,0,31,29,69
189,28,768.0,3393.0,8.0,17.0,0,6,19,43
190,10,1185.0,3238.0,12.0,10.0,1,122,0,138
190,28,768.0,3393.0,8.0,17.0,0,6,20,44
191,10,1195.0,3238.0,11.0,10.0,1,123,0,139
191,28,768.0,3393.0,8.0,17.0,0,6,21,45
192,10,1205.0,3236.0,12.0,10.0,1,124,0,140
192,28,768.0,3393.0,8.0,17.0,0,6,22,46
193,10,1216.0,3233.0,7.0,7.0,1,125,0,141
193,28,768.0,3393.0,8.0,17.0,0,6,23,47
194,10,1223.0,3229.0,9.0,10.0,1,126,0,142
194,28,768.0,3393.0,8.0,17.0,0,6,24,48
195,10,1232.0,3227.0,13.0,14.0,1,127,0,143
195,28,768.0,3393.0,8.0,17.0,0,6,25,49
196,10,1243.0,3228.0,13.0,13.0,1,128,0,144
196,28,768.0,3393.0,8.0,17.0,0,6,26,50
197,10,1255.0,3231.0,7.0,8.0,1,129,0,145
197,28,768.0,3393.0,8.0,17.0,0,6,27,51
198,10,1264.0,3232.0,11.0,7.0,1,130,0,146
198,28,768.0,3393.0,8.0,17.0,0,6,28,52
199,10,1274.0,3231.0,11.0,9.0,1,131,0,147
199,28,768.0,3393.0,8.0,17.0,0,6,29,53
200,10,1283.0,3231.0,11.0,8.0,1,132,0,148
201,10,1295.0,3228.0,9.0,7.0,1,133,0,149
202,10,1303.0,3224.0,9.0,10.0,1,134,0,150
203,10,1310.0,3221.0,13.0,11.0,1,135,0,151
204,10,1320.0,3221.0,13.0,11.0,1,136,0,152
204,37,2059.0,2973.0,101.0,29.0,1,5,0,5
205,10,1330.0,3222.0,12.0,10.0,1,137,0,153
205,37,2056.0,2959.0,104.0,26.0,1,6,0,6
206,10,1343.0,3223.0,10.0,9.0,1,138,0,154
206,37,2053.0,2944.0,107.0,25.0,1,7,0,7
207,10,1352.0,3224.0,12.0,12.0,1,139,0,155
207,37,2050.0,2928.0,110.0,26.0,1,8,0,8
208,10,1363.0,3225.0,9.0,11.0,1,140,0,156
208,37,2047.0,2910.0,113.0,23.0,1,9,0,9
209,10,1373.0,3224.0,9.0,8.0,1,141,0,157
209,37,2048.0,2899.0,112.0,20.0,1,10,0,10
210,10,1379.0,3220.0,11.0,9.0,1,142,0,158
210,37,2048.0,2887.0,55.0,17.0,1,11,0,11
211,10,1392.0,3219.0,8.0,9.0,1,143,0,159
211,37,2047.0,2869.0,113.0,19.0,1,12,0,12
212,10,1399.0,3216.0,11.0,12.0,1,144,0,160
212,37,2049.0,2850.0,111.0,22.0,1,13,0,13
213,10,1412.0,3218.0,11.0,10.0,1,145,0,161
213,37,2050.0,2834.0,110.0,23.0,1,14,0,14
214,10,1423.0,3221.0,9.0,8.0,1,146,0,162
214,37,2050.0,2815.0,110.0,22.0,1,15,0,15
215,10,1433.0,3223.0,11.0,9.0,1,147,0,163
215,37,2052.0,2802.0,108.0,23.0,1,16,0,16
216,10,1441.0,3222.0,10.0,10.0,1,148,0,164
216,37,2055.0,2783.0,105.0,24.0,1,17,0,17
217,10,1450.0,3221.0,10.0,11.0,1,149,0,165
217,37,2058.0,2766.0,102.0,27.0,1,18,0,18
218,10,1461.0,3221.0,9.0,7.0,1,150,0,166
218,37,2062.0,2751.0,98.0,27.0,1,19,0,19
219,10,1472.0,3215.0,7.0,11.0,1,151,0,167
219,37,2065.0,2730.0,95.0,32.0,1,20,0,20
220,10,1480.0,3215.0,8.0,11.0,1,152,0,168
220,37,2069.0,2714.0,91.0,33.0,1,21,0,21
221,10,1489.0,3215.0,10.0,11.0,1,153,0,169
221,37,2075.0,2698.0,85.0,33.0,1,22,0,22
222,10,1498.0,3219.0,11.0,8.0,1,154,0,170
222,37,2079.0,2680.0,81.0,35.0,1,23,0,23
223,10,1511.0,3222.0,7.0,4.0,1,155,0,171
223,37,2079.0,2680.0,81.0,35.0,0,23,1,24
224,10,1521.0,3222.0,8.0,6.0,1,156,0,172
224,37,2079.0,2680.0,81.0,35.0,0,23,2,25
225,10,1531.0,3223.0,8.0,9.0,1,157,0,173
225,37,2079.0,2680.0,81.0,35.0,0,23,3,26
226,10,1540.0,3222.0,7.0,8.0,1,158,0,174
226,37,2079.0,2680.0,81.0,35.0,0,23,4,27
227,10,1551.0,3221.0,7.0,6.0,1,159,0,175
227,37,2079.0,2680.0,81.0,35.0,0,23,5,28
228,10,1560.0,3219.0,7.0,8.0,1,160,0,176
228,37,2079.0,2680.0,81.0,35.0,0,23,6,29
229,10,1570.0,3218.0,7.0,10.0,1,161,0,177
229,37,2079.0,2680.0,81.0,35.0,0,23,7,30
230,10,1580.0,3218.0,9.0,10.0,1,162,0,178
230,37,2079.0,2680.0,81.0,35.0,0,23,8,31
231,10,1590.0,3223.0,7.0,6.0,1,163,0,179
231,37,2079.0,2680.0,81.0,35.0,0,23,9,32
232,10,1598.0,3224.0,10.0,8.0,1,164,0,180
232,37,2079.0,2680.0,81.0,35.0,0,23,10,33
233,10,1610.0,3225.0,7.0,10.0,1,165,0,181
233,37,2079.0,2680.0,81.0,35.0,0,23,11,34
234,10,1619.0,3225.0,9.0,10.0,1,166,0,182
234,37,2079.0,2680.0,81.0,35.0,0,23,12,35
235,10,1629.0,3224.0,8.0,8.0,1,167,0,183
235,37,2079.0,2680.0,81.0,35.0,0,23,13,36
236,10,1639.0,3221.0,7.0,12.0,1,168,0,184
236,37,2079.0,2680.0,81.0,35.0,0,23,14,37
237,10,1649.0,3219.0,7.0,11.0,1,169,0,185
237,37,2079.0,2680.0,81.0,35.0,0,23,15,38
238,10,1659.0,3219.0,8.0,12.0,1,170,0,186
238,37,2079.0,2680.0,81.0,35.0,0,23,16,39
239,10,1667.0,3224.0,10.0,8.0,1,171,0,187
239,37,2079.0,2680.0,81.0,35.0,0,23,17,40
240,10,1678.0,3226.0,8.0,9.0,1,172,0,188
240,37,2079.0,2680.0,81.0,35.0,0,23,18,41
241,10,1688.0,3227.0,9.0,11.0,1,173,0,189
241,37,2079.0,2680.0,81.0,35.0,0,23,19,42
242,10,1695.0,3227.0,13.0,10.0,1,174,0,190
242,37,2079.0,2680.0,81.0,35.0,0,23,20,43
243,10,1707.0,3226.0,9.0,7.0,1,175,0,191
243,37,2079.0,2680.0,81.0,35.0,0,23,21,44
244,10,1718.0,3226.0,7.0,6.0,1,176,0,192
244,37,2079.0,2680.0,81.0,35.0,0,23,22,45
245,10,1728.0,3222.0,7.0,10.0,1,177,0,193
245,37,2079.0,2680.0,81.0,35.0,0,23,23,46
246,10,1738.0,3223.0,8.0,10.0,1,178,0,194
246,37,2079.0,2680.0,81.0,35.0,0,23,24,47
247,10,1748.0,3224.0,8.0,11.0,1,179,0,195
247,37,2079.0,2680.0,81.0,35.0,0,23,25,48
248,10,1756.0,3227.0,9.0,11.0,1,180,0,196
248,37,2079.0,2680.0,81.0,35.0,0,23,26,49
249,10,1767.0,3228.0,10.0,10.0,1,181,0,197
249,37,2079.0,2680.0,81.0,35.0,0,23,27,50
250,10,1776.0,3229.0,9.0,10.0,1,182,0,198
250,37,2079.0,2680.0,81.0,35.0,0,23,28,51
251,10,1785.0,3229.0,9.0,9.0,1,183,0,199
251,37,2079.0,2680.0,81.0,35.0,0,23,29,52
252,10,1796.0,3227.0,7.0,10.0,1,184,0,200
253,10,1803.0,3223.0,12.0,14.0,1,185,0,201
254,10,1813.0,3222.0,10.0,12.0,1,186,0,202
255,10,1822.0,3224.0,12.0,10.0,1,187,0,203
256,10,1833.0,3224.0,11.0,11.0,1,188,0,204
257,10,1843.0,3229.0,9.0,10.0,1,189,0,205
258,10,1852.0,3228.0,9.0,11.0,1,190,0,206
259,10,1861.0,3226.0,9.0,9.0,1,191,0,207
260,10,1871.0,3223.0,8.0,8.0,1,192,0,208
261,10,1881.0,3219.0,7.0,11.0,1,193,0,209
262,10,1890.0,3217.0,8.0,13.0,1,194,0,210
263,10,1900.0,3218.0,9.0,12.0,1,195,0,211
264,10,1907.0,3221.0,11.0,11.0,1,196,0,212
265,10,1915.0,3223.0,10.0,11.0,1,197,0,213
266,10,1924.0,3221.0,11.0,14.0,1,198,0,214
267,10,1933.0,3220.0,10.0,12.0,1,199,0,215
268,10,1942.0,3219.0,10.0,10.0,1,200,0,216
269,10,1951.0,3214.0,9.0,10.0,1,201,0,217
270,10,1960.0,3211.0,10.0,12.0,1,202,0,218
271,10,1969.0,3211.0,11.0,12.0,1,203,0,219
272,10,1977.0,3215.0,9.0,9.0,1,204,0,220
273,10,1982.0,3216.0,16.0,11.0,1,205,0,221
274,10,1991.0,3216.0,16.0,11.0,1,206,0,222
275,10,1999.0,3215.0,15.0,10.0,1,207,0,223
276,10,2011.0,3215.0,11.0,8.0,1,208,0,224
276,48,2063.0,2988.0,97.0,31.0,1,5,0,5
277,10,2020.0,3215.0,9.0,7.0,1,209,0,225
277,48,2059.0,2973.0,101.0,32.0,1,6,0,6
278,10,2028.0,3213.0,8.0,7.0,1,210,0,226
278,48,2055.0,2958.0,105.0,30.0,1,7,0,7
279,10,2034.0,3210.0,12.0,10.0,1,211,0,227
279,48,2050.0,2943.0,110.0,25.0,1,8,0,8
280,10,2041.0,3211.0,15.0,11.0,1,212,0,228
280,48,2051.0,2927.0,109.0,26.0,1,9,0,9
281,10,2051.0,3214.0,14.0,9.0,1,213,0,229
281,48,2048.0,2919.0,56.0,15.0,1,10,0,10
282,10,2062.0,3219.0,8.0,4.0,1,214,0,230
282,48,2046.0,2897.0,114.0,19.0,1,11,0,11
283,10,2065.0,3219.0,17.0,6.0,1,215,0,231
283,48,2047.0,2879.0,113.0,22.0,1,12,0,12
284,10,2075.0,3219.0,15.0,9.0,1,216,0,232
284,48,2047.0,2866.0,113.0,20.0,1,13,0,13
285,10,2081.0,3219.0,16.0,11.0,1,217,0,233
285,48,2048.0,2850.0,112.0,21.0,1,14,0,14
286,10,2095.0,3219.0,10.0,7.0,1,218,0,234
286,48,2048.0,2834.0,112.0,22.0,1,15,0,15
287,10,2104.0,3219.0,8.0,7.0,1,219,0,235
287,48,2051.0,2818.0,109.0,23.0,1,16,0,16
288,10,2111.0,3217.0,11.0,9.0,1,220,0,236
288,48,2054.0,2803.0,106.0,23.0,1,17,0,17
289,10,2119.0,3218.0,13.0,10.0,1,221,0,237
289,48,2055.0,2782.0,105.0,34.0,1,18,0,18
290,10,2129.0,3222.0,12.0,7.0,1,222,0,238
290,48,2058.0,2767.0,25.0,13.0,1,19,0,19
291,10,2136.0,3225.0,8.0,5.0,1,223,0,239
291,48,2062.0,2746.0,98.0,31.0,1,20,0,20
291,54,725.0,3041.0,116.0,425.0,1,5,0,5
292,10,2142.0,3226.0,16.0,7.0,1,224,0,240
292,48,2063.0,2730.0,97.0,32.0,1,21,0,21
292,54,725.0,3041.0,116.0,425.0,0,5,1,6
293,10,2142.0,3226.0,16.0,7.0,0,224,1,241
293,48,2066.0,2715.0,94.0,31.0,1,22,0,22
293,54,725.0,3041.0,116.0,425.0,0,5,2,7
294,10,2142.0,3226.0,16.0,7.0,0,224,2,242
294,48,2066.0,2715.0,94.0,31.0,0,22,1,23
294,54,725.0,3041.0,116.0,425.0,0,5,3,8
295,10,2142.0,3226.0,16.0,7.0,0,224,3,243
295,48,2080.0,2681.0,10.0,8.0,1,23,0,24
295,54,725.0,3041.0,116.0,425.0,0,5,4,9
296,10,2142.0,3226.0,16.0,7.0,0,224,4,244
296,48,2080.0,2681.0,10.0,8.0,0,23,1,25
296,54,725.0,3041.0,116.0,425.0,0,5,5,10
297,10,2142.0,3226.0,16.0,7.0,0,224,5,245
297,48,2080.0,2681.0,10.0,8.0,0,23,2,26
297,54,725.0,3041.0,116.0,425.0,0,5,6,11
298,10,2142.0,3226.0,16.0,7.0,0,224,6,246
298,48,2080.0,2681.0,10.0,8.0,0,23,3,27
298,54,725.0,3041.0,116.0,425.0,0,5,7,12
299,10,2142.0,3226.0,16.0,7.0,0,224,7,247
299,48,2080.0,2681.0,10.0,8.0,0,23,4,28
299,54,725.0,3041.0,116.0,425.0,0,5,8,13
300,10,2142.0,3226.0,16.0,7.0,0,224,8,248
300,48,2080.0,2681.0,10.0,8.0,0,23,5,29
300,54,725.0,3041.0,116.0,425.0,0,5,9,14
301,10,2142.0,3226.0,16.0,7.0,0,224,9,249
301,48,2080.0,2681.0,10.0,8.0,0,23,6,30
301,54,699.0,3014.0,100.0,469.0,1,6,0,15
302,10,2142.0,3226.0,16.0,7.0,0,224,10,250
302,48,2080.0,2681.0,10.0,8.0,0,23,7,31
302,54,699.0,3014.0,100.0,469.0,0,6,1,16
303,10,2142.0,3226.0,16.0,7.0,0,224,11,251
303,48,2080.0,2681.0,10.0,8.0,0,23,8,32
303,54,699.0,3014.0,100.0,469.0,0,6,2,17
304,10,2142.0,3226.0,16.0,7.0,0,224,12,252
304,48,2080.0,2681.0,10.0,8.0,0,23,9,33
304,54,699.0,3014.0,100.0,469.0,0,6,3,18
305,10,2142.0,3226.0,16.0,7.0,0,224,13,253
305,48,2080.0,2681.0,10.0,8.0,0,23,10,34
305,54,699.0,3014.0,100.0,469.0,0,6,4,19
306,10,2142.0,3226.0,16.0,7.0,0,224,14,254
306,48,2080.0,2681.0,10.0,8.0,0,23,11,35
306,54,680.0,3009.0,112.0,471.0,1,7,0,20
307,10,2142.0,3226.0,16.0,7.0,0,224,15,255
307,48,2080.0,2681.0,10.0,8.0,0,23,12,36
307,54,680.0,3009.0,112.0,471.0,0,7,1,21
308,10,2142.0,3226.0,16.0,7.0,0,224,16,256
308,48,2080.0,2681.0,10.0,8.0,0,23,13,37
308,54,680.0,3009.0,112.0,471.0,0,7,2,22
309,10,2142.0,3226.0,16.0,7.0,0,224,17,257
309,48,2080.0,2681.0,10.0,8.0,0,23,14,38
309,54,680.0,3009.0,112.0,471.0,0,7,3,23
310,10,2142.0,3226.0,16.0,7.0,0,224,18,258
310,48,2080.0,2681.0,10.0,8.0,0,23,15,39
310,54,680.0,3009.0,112.0,471.0,0,7,4,24
311,10,2142.0,3226.0,16.0,7.0,0,224,19,259
311,48,2080.0,2681.0,10.0,8.0,0,23,16,40
311,54,680.0,3009.0,112.0,471.0,0,7,5,25
312,10,2142.0,3226.0,16.0,7.0,0,224,20,260
312,48,2080.0,2681.0,10.0,8.0,0,23,17,41
312,54,680.0,3009.0,112.0,471.0,0,7,6,26
313,10,2142.0,3226.0,16.0,7.0,0,224,21,261
313,48,2080.0,2681.0,10.0,8.0,0,23,18,42
313,54,680.0,3009.0,112.0,471.0,0,7,7,27
314,10,2142.0,3226.0,16.0,7.0,0,224,22,262
314,48,2080.0,2681.0,10.0,8.0,0,23,19,43
314,54,680.0,3009.0,112.0,471.0,0,7,8,28
315,10,2142.0,3226.0,16.0,7.0,0,224,23,263
315,48,2080.0,2681.0,10.0,8.0,0,23,20,44
315,54,680.0,3009.0,112.0,471.0,0,7,9,29
316,10,2142.0,3226.0,16.0,7.0,0,224,24,264
316,48,2080.0,2681.0,10.0,8.0,0,23,21,45
316,54,680.0,3009.0,112.0,471.0,0,7,10,30
317,10,2142.0,3226.0,16.0,7.0,0,224,25,265
317,48,2080.0,2681.0,10.0,8.0,0,23,22,46
317,54,680.0,3009.0,112.0,471.0,0,7,11,31
318,10,2142.0,3226.0,16.0,7.0,0,224,26,266
318,48,2080.0,2681.0,10.0,8.0,0,23,23,47
318,54,680.0,3009.0,112.0,471.0,0,7,12,32
319,10,2142.0,3226.0,16.0,7.0,0,224,27,267
319,48,2080.0,2681.0,10.0,8.0,0,23,24,48
319,54,680.0,3009.0,112.0,471.0,0,7,13,33
320,10,2142.0,3226.0,16.0,7.0,0,224,28,268
320,48,2080.0,2681.0,10.0,8.0,0,23,25,49
320,54,680.0,3009.0,112.0,471.0,0,7,14,34
321,10,2142.0,3226.0,16.0,7.0,0,224,29,269
321,48,2080.0,2681.0,10.0,8.0,0,23,26,50
321,54,680.0,3009.0,112.0,471.0,0,7,15,35
322,48,2080.0,2681.0,10.0,8.0,0,23,27,51
322,54,680.0,3009.0,112.0,471.0,0,7,16,36
323,48,2080.0,2681.0,10.0,8.0,0,23,28,52
323,54,680.0,3009.0,112.0,471.0,0,7,17,37
324,48,2080.0,2681.0,10.0,8.0,0,23,29,53
324,54,680.0,3009.0,112.0,471.0,0,7,18,38
325,54,680.0,3009.0,112.0,471.0,0,7,19,39
326,54,680.0,3009.0,112.0,471.0,0,7,20,40
327,54,680.0,3009.0,112.0,471.0,0,7,21,41
328,54,680.0,3009.0,112.0,471.0,0,7,22,42
329,54,680.0,3009.0,112.0,471.0,0,7,23,43
330,54,680.0,3009.0,112.0,471.0,0,7,24,44
331,54,680.0,3009.0,112.0,471.0,0,7,25,45
332,54,680.0,3009.0,112.0,471.0,0,7,26,46
333,54,680.0,3009.0,112.0,471.0,0,7,27,47
334,54,680.0,3009.0,112.0,471.0,0,7,28,48
335,54,680.0,3009.0,112.0,471.0,0,7,29,49
351,59,2055.0,2955.0,105.0,31.0,1,5,0,5
352,59,2053.0,2943.0,107.0,23.0,1,6,0,6
353,59,2051.0,2932.0,55.0,19.0,1,7,0,7
354,59,2047.0,2913.0,113.0,23.0,1,8,0,8
355,59,2048.0,2894.0,112.0,21.0,1,9,0,9
356,59,2049.0,2879.0,111.0,18.0,1,10,0,10
357,59,2047.0,2864.0,113.0,23.0,1,11,0,11
358,59,2048.0,2849.0,112.0,23.0,1,12,0,12
359,59,2049.0,2832.0,111.0,22.0,1,13,0,13
360,59,2051.0,2814.0,109.0,25.0,1,14,0,14
361,59,2052.0,2798.0,108.0,23.0,1,15,0,15
361,64,189.0,19.0,64.0,32.0,1,5,0,5
362,59,2053.0,2782.0,107.0,27.0,1,16,0,16
362,64,149.0,19.0,50.0,32.0,1,6,0,6
363,59,2059.0,2766.0,31.0,12.0,1,17,0,17
363,64,89.0,19.0,64.0,33.0,1,7,0,7
364,59,2062.0,2748.0,98.0,28.0,1,18,0,18
364,64,33.0,19.0,63.0,32.0,1,8,0,8
365,59,2065.0,2730.0,95.0,30.0,1,19,0,19
365,64,33.0,19.0,63.0,32.0,0,8,1,9
366,59,2070.0,2714.0,90.0,30.0,1,20,0,20
366,64,33.0,19.0,63.0,32.0,0,8,2,10
367,59,2075.0,2696.0,85.0,33.0,1,21,0,21
367,64,33.0,19.0,63.0,32.0,0,8,3,11
368,59,2075.0,2696.0,85.0,33.0,0,21,1,22
368,64,33.0,19.0,63.0,32.0,0,8,4,12
369,59,2075.0,2696.0,85.0,33.0,0,21,2,23
369,64,33.0,19.0,63.0,32.0,0,8,5,13
370,59,2075.0,2696.0,85.0,33.0,0,21,3,24
370,64,33.0,19.0,63.0,32.0,0,8,6,14
370,68,348.0,2962.0,20.0,9.0,1,5,0,5
371,59,2075.0,2696.0,85.0,33.0,0,21,4,25
371,64,33.0,19.0,63.0,32.0,0,8,7,15
371,68,348.0,2962.0,20.0,9.0,0,5,1,6
372,59,2075.0,2696.0,85.0,33.0,0,21,5,26
372,64,33.0,19.0,63.0,32.0,0,8,8,16
372,68,348.0,2962.0,20.0,9.0,0,5,2,7
373,59,2075.0,2696.0,85.0,33.0,0,21,6,27
373,64,33.0,19.0,63.0,32.0,0,8,9,17
373,68,356.0,2931.0,22.0,11.0,1,6,0,8
374,59,2075.0,2696.0,85.0,33.0,0,21,7,28
374,64,33.0,19.0,63.0,32.0,0,8,10,18
374,68,359.0,2921.0,24.0,12.0,1,7,0,9
375,59,2075.0,2696.0,85.0,33.0,0,21,8,29
375,64,33.0,19.0,63.0,32.0,0,8,11,19
375,68,362.0,2911.0,24.0,12.0,1,8,0,10
376,59,2075.0,2696.0,85.0,33.0,0,21,9,30
376,64,33.0,19.0,63.0,32.0,0,8,12,20
376,68,365.0,2901.0,25.0,13.0,1,9,0,11
377,59,2075.0,2696.0,85.0,33.0,0,21,10,31
377,64,33.0,19.0,63.0,32.0,0,8,13,21
377,68,365.0,2901.0,25.0,13.0,0,9,1,12
378,59,2075.0,2696.0,85.0,33.0,0,21,11,32
378,64,33.0,19.0,63.0,32.0,0,8,14,22
378,68,372.0,2881.0,23.0,14.0,1,10,0,13
379,59,2075.0,2696.0,85.0,33.0,0,21,12,33
379,64,33.0,19.0,63.0,32.0,0,8,15,23
379,68,372.0,2881.0,23.0,14.0,0,10,1,14
380,59,2075.0,2696.0,85.0,33.0,0,21,13,34
380,64,33.0,19.0,63.0,32.0,0,8,16,24
380,68,372.0,2881.0,23.0,14.0,0,10,2,15
381,59,2075.0,2696.0,85.0,33.0,0,21,14,35
381,64,33.0,19.0,63.0,32.0,0,8,17,25
381,68,387.0,2852.0,16.0,13.0,1,11,0,16
382,59,2075.0,2696.0,85.0,33.0,0,21,15,36
382,64,33.0,19.0,63.0,32.0,0,8,18,26
382,68,387.0,2852.0,16.0,13.0,0,11,1,17
383,59,2075.0,2696.0,85.0,33.0,0,21,16,37
383,64,33.0,19.0,63.0,32.0,0,8,19,27
383,68,397.0,2833.0,18.0,15.0,1,12,0,18
384,59,2075.0,2696.0,85.0,33.0,0,21,17,38
384,64,33.0,19.0,63.0,32.0,0,8,20,28
384,68,397.0,2833.0,18.0,15.0,0,12,1,19
385,59,2075.0,2696.0,85.0,33.0,0,21,18,39
385,64,33.0,19.0,63.0,32.0,0,8,21,29
385,68,408.0,2816.0,17.0,14.0,1,13,0,20
386,59,2075.0,2696.0,85.0,33.0,0,21,19,40
386,64,33.0,19.0,63.0,32.0,0,8,22,30
386,68,408.0,2816.0,17.0,14.0,0,13,1,21
387,59,2075.0,2696.0,85.0,33.0,0,21,20,41
387,64,33.0,19.0,63.0,32.0,0,8,23,31
387,68,408.0,2816.0,17.0,14.0,0,13,2,22
388,59,2075.0,2696.0,85.0,33.0,0,21,21,42
388,64,33.0,19.0,63.0,32.0,0,8,24,32
388,68,408.0,2816.0,17.0,14.0,0,13,3,23
389,59,2075.0,2696.0,85.0,33.0,0,21,22,43
389,64,33.0,19.0,63.0,32.0,0,8,25,33
389,68,408.0,2816.0,17.0,14.0,0,13,4,24
390,59,2075.0,2696.0,85.0,33.0,0,21,23,44
390,64,33.0,19.0,63.0,32.0,0,8,26,34
390,68,408.0,2816.0,17.0,14.0,0,13,5,25
391,59,2075.0,2696.0,85.0,33.0,0,21,24,45
391,64,33.0,19.0,63.0,32.0,0,8,27,35
391,68,408.0,2816.0,17.0,14.0,0,13,6,26
392,59,2075.0,2696.0,85.0,33.0,0,21,25,46
392,64,33.0,19.0,63.0,32.0,0,8,28,36
392,68,408.0,2816.0,17.0,14.0,0,13,7,27
393,59,2075.0,2696.0,85.0,33.0,0,21,26,47
393,64,33.0,19.0,63.0,32.0,0,8,29,37
393,68,408.0,2816.0,17.0,14.0,0,13,8,28
394,59,2075.0,2696.0,85.0,33.0,0,21,27,48
394,68,408.0,2816.0,17.0,14.0,0,13,9,29
395,59,2075.0,2696.0,85.0,33.0,0,21,28,49
395,68,408.0,2816.0,17.0,14.0,0,13,10,30
396,59,2075.0,2696.0,85.0,33.0,0,21,29,50
396,68,408.0,2816.0,17.0,14.0,0,13,11,31
397,68,408.0,2816.0,17.0,14.0,0,13,12,32
398,68,408.0,2816.0,17.0,14.0,0,13,13,33
399,68,408.0,2816.0,17.0,14.0,0,13,14,34
400,68,408.0,2816.0,17.0,14.0,0,13,15,35
401,68,408.0,2816.0,17.0,14.0,0,13,16,36
402,68,408.0,2816.0,17.0,14.0,0,13,17,37
403,68,408.0,2816.0,17.0,14.0,0,13,18,38
404,68,408.0,2816.0,17.0,14.0,0,13,19,39
405,68,408.0,2816.0,17.0,14.0,0,13,20,40
406,68,408.0,2816.0,17.0,14.0,0,13,21,41
407,68,408.0,2816.0,17.0,14.0,0,13,22,42
408,68,408.0,2816.0,17.0,14.0,0,13,23,43
409,68,408.0,2816.0,17.0,14.0,0,13,24,44
410,68,408.0,2816.0,17.0,14.0,0,13,25,45
411,68,408.0,2816.0,17.0,14.0,0,13,26,46
412,68,408.0,2816.0,17.0,14.0,0,13,27,47
413,68,408.0,2816.0,17.0,14.0,0,13,28,48
414,68,408.0,2816.0,17.0,14.0,0,13,29,49
424,76,245.0,19.0,64.0,29.0,1,5,0,5
425,76,197.0,19.0,57.0,30.0,1,6,0,6
426,76,149.0,19.0,50.0,31.0,1,7,0,7
426,77,2051.0,2935.0,26.0,12.0,1,5,0,5
427,76,85.0,19.0,56.0,31.0,1,8,0,8
427,77,2049.0,2920.0,29.0,9.0,1,6,0,6
428,76,23.0,19.0,64.0,31.0,1,9,0,9
428,77,2048.0,2904.0,36.0,12.0,1,7,0,7
429,76,23.0,19.0,64.0,31.0,0,9,1,10
429,77,2047.0,2878.0,113.0,35.0,1,8,0,8
430,76,23.0,19.0,64.0,31.0,0,9,2,11
430,77,2048.0,2863.0,112.0,28.0,1,9,0,9
431,76,23.0,19.0,64.0,31.0,0,9,3,12
431,77,2046.0,2847.0,114.0,18.0,1,10,0,10
432,76,23.0,19.0,64.0,31.0,0,9,4,13
432,77,2049.0,2831.0,111.0,22.0,1,11,0,11
433,76,23.0,19.0,64.0,31.0,0,9,5,14
433,77,2051.0,2814.0,109.0,26.0,1,12,0,12
434,76,23.0,19.0,64.0,31.0,0,9,6,15
434,77,2052.0,2798.0,108.0,22.0,1,13,0,13
435,76,23.0,19.0,64.0,31.0,0,9,7,16
435,77,2055.0,2779.0,105.0,26.0,1,14,0,14
436,76,23.0,19.0,64.0,31.0,0,9,8,17
436,77,2059.0,2762.0,101.0,28.0,1,15,0,15
437,76,23.0,19.0,64.0,31.0,0,9,9,18
437,77,2062.0,2747.0,98.0,28.0,1,16,0,16
438,76,23.0,19.0,64.0,31.0,0,9,10,19
438,77,2067.0,2730.0,93.0,31.0,1,17,0,17
439,76,23.0,19.0,64.0,31.0,0,9,11,20
439,77,2067.0,2730.0,93.0,31.0,0,17,1,18
440,76,23.0,19.0,64.0,31.0,0,9,12,21
440,77,2075.0,2694.0,85.0,34.0,1,18,0,19
441,76,23.0,19.0,64.0,31.0,0,9,13,22
441,77,2078.0,2678.0,14.0,8.0,1,19,0,20
442,76,23.0,19.0,64.0,31.0,0,9,14,23
442,77,2078.0,2678.0,14.0,8.0,0,19,1,21
443,76,23.0,19.0,64.0,31.0,0,9,15,24
443,77,2078.0,2678.0,14.0,8.0,0,19,2,22
444,76,23.0,19.0,64.0,31.0,0,9,16,25
444,77,2078.0,2678.0,14.0,8.0,0,19,3,23
445,76,23.0,19.0,64.0,31.0,0,9,17,26
445,77,2078.0,2678.0,14.0,8.0,0,19,4,24
446,76,23.0,19.0,64.0,31.0,0,9,18,27
446,77,2078.0,2678.0,14.0,8.0,0,19,5,25
447,76,23.0,19.0,64.0,31.0,0,9,19,28
447,77,2078.0,2678.0,14.0,8.0,0,19,6,26
448,76,23.0,19.0,64.0,31.0,0,9,20,29
448,77,2078.0,2678.0,14.0,8.0,0,19,7,27
449,76,23.0,19.0,64.0,31.0,0,9,21,30
449,77,2078.0,2678.0,14.0,8.0,0,19,8,28
450,76,23.0,19.0,64.0,31.0,0,9,22,31
450,77,2078.0,2678.0,14.0,8.0,0,19,9,29
451,76,23.0,19.0,64.0,31.0,0,9,23,32
451,77,2078.0,2678.0,14.0,8.0,0,19,10,30
452,76,23.0,19.0,64.0,31.0,0,9,24,33
452,77,2078.0,2678.0,14.0,8.0,0,19,11,31
453,76,23.0,19.0,64.0,31.0,0,9,25,34
453,77,2078.0,2678.0,14.0,8.0,0,19,12,32
454,76,23.0,19.0,64.0,31.0,0,9,26,35
454,77,2078.0,2678.0,14.0,8.0,0,19,13,33
455,76,23.0,19.0,64.0,31.0,0,9,27,36
455,77,2078.0,2678.0,14.0,8.0,0,19,14,34
456,76,23.0,19.0,64.0,31.0,0,9,28,37
456,77,2078.0,2678.0,14.0,8.0,0,19,15,35
457,76,23.0,19.0,64.0,31.0,0,9,29,38
457,77,2078.0,2678.0,14.0,8.0,0,19,16,36
458,77,2078.0,2678.0,14.0,8.0,0,19,17,37
459,77,2078.0,2678.0,14.0,8.0,0,19,18,38
460,77,2078.0,2678.0,14.0,8.0,0,19,19,39
461,77,2078.0,2678.0,14.0,8.0,0,19,20,40
462,77,2078.0,2678.0,14.0,8.0,0,19,21,41
463,77,2078.0,2678.0,14.0,8.0,0,19,22,42
464,77,2078.0,2678.0,14.0,8.0,0,19,23,43
465,77,2078.0,2678.0,14.0,8.0,0,19,24,44
466,77,2078.0,2678.0,14.0,8.0,0,19,25,45
467,77,2078.0,2678.0,14.0,8.0,0,19,26,46
468,77,2078.0,2678.0,14.0,8.0,0,19,27,47
469,77,2078.0,2678.0,14.0,8.0,0,19,28,48
470,77,2078.0,2678.0,14.0,8.0,0,19,29,49
484,90,182.0,19.0,64.0,33.0,1,5,0,5
485,90,123.0,19.0,64.0,33.0,1,6,0,6
486,90,62.0,19.0,62.0,33.0,1,7,0,7
487,90,3.0,19.0,52.0,33.0,1,8,0,8
488,90,3.0,19.0,52.0,33.0,0,8,1,9
489,90,3.0,19.0,52.0,33.0,0,8,2,10
490,90,3.0,19.0,52.0,33.0,0,8,3,11
491,90,3.0,19.0,52.0,33.0,0,8,4,12
492,90,3.0,19.0,52.0,33.0,0,8,5,13
493,90,3.0,19.0,52.0,33.0,0,8,6,14
494,90,3.0,19.0,52.0,33.0,0,8,7,15
495,90,3.0,19.0,52.0,33.0,0,8,8,16
495,92,2061.0,2983.0,99.0,33.0,1,5,0,5
496,90,3.0,19.0,52.0,33.0,0,8,9,17
496,92,2059.0,2968.0,101.0,31.0,1,6,0,6
497,90,3.0,19.0,52.0,33.0,0,8,10,18
497,92,2055.0,2953.0,105.0,32.0,1,7,0,7
498,90,3.0,19.0,52.0,33.0,0,8,11,19
498,92,2052.0,2938.0,108.0,27.0,1,8,0,8
499,90,3.0,19.0,52.0,33.0,0,8,12,20
499,92,2051.0,2923.0,109.0,28.0,1,9,0,9
500,90,3.0,19.0,52.0,33.0,0,8,13,21
500,92,2048.0,2914.0,55.0,19.0,1,10,0,10
501,90,3.0,19.0,52.0,33.0,0,8,14,22
501,92,2048.0,2894.0,112.0,20.0,1,11,0,11
502,90,3.0,19.0,52.0,33.0,0,8,15,23
502,92,2049.0,2878.0,111.0,20.0,1,12,0,12
503,90,3.0,19.0,52.0,33.0,0,8,16,24
503,92,2048.0,2863.0,112.0,17.0,1,13,0,13
504,90,3.0,19.0,52.0,33.0,0,8,17,25
504,92,2048.0,2847.0,112.0,17.0,1,14,0,14
505,90,3.0,19.0,52.0,33.0,0,8,18,26
505,92,2050.0,2830.0,110.0,20.0,1,15,0,15
506,90,3.0,19.0,52.0,33.0,0,8,19,27
506,92,2051.0,2814.0,109.0,23.0,1,16,0,16
507,90,3.0,19.0,52.0,33.0,0,8,20,28
507,92,2053.0,2798.0,107.0,22.0,1,17,0,17
508,90,3.0,19.0,52.0,33.0,0,8,21,29
508,92,2056.0,2778.0,104.0,27.0,1,18,0,18
509,90,3.0,19.0,52.0,33.0,0,8,22,30
509,92,2059.0,2765.0,31.0,14.0,1,19,0,19
510,90,3.0,19.0,52.0,33.0,0,8,23,31
510,92,2062.0,2747.0,98.0,27.0,1,20,0,20
511,90,3.0,19.0,52.0,33.0,0,8,24,32
511,92,2066.0,2730.0,94.0,29.0,1,21,0,21
512,90,3.0,19.0,52.0,33.0,0,8,25,33
512,92,2071.0,2711.0,89.0,33.0,1,22,0,22
513,90,3.0,19.0,52.0,33.0,0,8,26,34
513,92,2075.0,2694.0,85.0,34.0,1,23,0,23
514,90,3.0,19.0,52.0,33.0,0,8,27,35
514,92,2082.0,2678.0,78.0,35.0,1,24,0,24
515,90,3.0,19.0,52.0,33.0,0,8,28,36
515,92,2082.0,2678.0,78.0,35.0,0,24,1,25
516,90,3.0,19.0,52.0,33.0,0,8,29,37
516,92,2082.0,2678.0,78.0,35.0,0,24,2,26
517,92,2082.0,2678.0,78.0,35.0,0,24,3,27
518,92,2082.0,2678.0,78.0,35.0,0,24,4,28
519,92,2082.0,2678.0,78.0,35.0,0,24,5,29
520,92,2082.0,2678.0,78.0,35.0,0,24,6,30
521,92,2082.0,2678.0,78.0,35.0,0,24,7,31
522,92,2082.0,2678.0,78.0,35.0,0,24,8,32
523,92,2082.0,2678.0,78.0,35.0,0,24,9,33
524,92,2082.0,2678.0,78.0,35.0,0,24,10,34
525,92,2082.0,2678.0,78.0,35.0,0,24,11,35
526,92,2082.0,2678.0,78.0,35.0,0,24,12,36
527,92,2082.0,2678.0,78.0,35.0,0,24,13,37
528,92,2082.0,2678.0,78.0,35.0,0,24,14,38
529,92,2082.0,2678.0,78.0,35.0,0,24,15,39
530,92,2082.0,2678.0,78.0,35.0,0,24,16,40
531,92,2082.0,2678.0,78.0,35.0,0,24,17,41
532,92,2082.0,2678.0,78.0,35.0,0,24,18,42
533,92,2082.0,2678.0,78.0,35.0,0,24,19,43
534,92,2082.0,2678.0,78.0,35.0,0,24,20,44
535,92,2082.0,2678.0,78.0,35.0,0,24,21,45
536,92,2082.0,2678.0,78.0,35.0,0,24,22,46
537,92,2082.0,2678.0,78.0,35.0,0,24,23,47
538,92,2082.0,2678.0,78.0,35.0,0,24,24,48
539,92,2082.0,2678.0,78.0,35.0,0,24,25,49
540,92,2082.0,2678.0,78.0,35.0,0,24,26,50
541,92,2082.0,2678.0,78.0,35.0,0,24,27,51
542,92,2082.0,2678.0,78.0,35.0,0,24,28,52
543,92,2082.0,2678.0,78.0,35.0,0,24,29,53
547,105,247.0,19.0,64.0,33.0,1,5,0,5
548,105,233.0,19.0,56.0,33.0,1,6,0,6
549,105,204.0,19.0,50.0,33.0,1,7,0,7
550,105,177.0,19.0,61.0,33.0,1,8,0,8
551,105,147.0,19.0,64.0,33.0,1,9,0,9
552,105,117.0,19.0,64.0,33.0,1,10,0,10
553,105,85.0,19.0,56.0,33.0,1,11,0,11
554,105,85.0,19.0,56.0,33.0,0,11,1,12
555,105,33.0,19.0,61.0,33.0,1,12,0,13
556,105,3.0,19.0,52.0,33.0,1,13,0,14
557,105,3.0,19.0,52.0,33.0,0,13,1,15
558,105,3.0,19.0,52.0,33.0,0,13,2,16
559,105,3.0,19.0,52.0,33.0,0,13,3,17
560,105,3.0,19.0,52.0,33.0,0,13,4,18
561,105,3.0,19.0,52.0,33.0,0,13,5,19
562,105,3.0,19.0,52.0,33.0,0,13,6,20
563,105,3.0,19.0,52.0,33.0,0,13,7,21
564,105,3.0,19.0,52.0,33.0,0,13,8,22
565,105,3.0,19.0,52.0,33.0,0,13,9,23
566,105,3.0,19.0,52.0,33.0,0,13,10,24
567,105,3.0,19.0,52.0,33.0,0,13,11,25
568,105,3.0,19.0,52.0,33.0,0,13,12,26
569,105,3.0,19.0,52.0,33.0,0,13,13,27
569,115,2059.0,2971.0,101.0,29.0,1,5,0,5
570,105,3.0,19.0,52.0,33.0,0,13,14,28
570,115,2056.0,2956.0,104.0,27.0,1,6,0,6
571,105,3.0,19.0,52.0,33.0,0,13,15,29
571,115,2053.0,2941.0,107.0,27.0,1,7,0,7
572,105,3.0,19.0,52.0,33.0,0,13,16,30
572,115,2051.0,2934.0,55.0,14.0,1,8,0,8
573,105,3.0,19.0,52.0,33.0,0,13,17,31
573,115,2047.0,2912.0,113.0,21.0,1,9,0,9
574,105,3.0,19.0,52.0,33.0,0,13,18,32
574,115,2049.0,2894.0,111.0,22.0,1,10,0,10
575,105,3.0,19.0,52.0,33.0,0,13,19,33
575,115,2048.0,2878.0,112.0,19.0,1,11,0,11
576,105,3.0,19.0,52.0,33.0,0,13,20,34
576,115,2048.0,2866.0,112.0,15.0,1,12,0,12
577,105,3.0,19.0,52.0,33.0,0,13,21,35
577,115,2048.0,2847.0,112.0,19.0,1,13,0,13
578,105,3.0,19.0,52.0,33.0,0,13,22,36
578,115,2049.0,2834.0,111.0,22.0,1,14,0,14
579,105,3.0,19.0,52.0,33.0,0,13,23,37
579,115,2050.0,2816.0,110.0,26.0,1,15,0,15
580,105,3.0,19.0,52.0,33.0,0,13,24,38
580,115,2053.0,2798.0,107.0,24.0,1,16,0,16
581,105,3.0,19.0,52.0,33.0,0,13,25,39
581,115,2055.0,2782.0,105.0,25.0,1,17,0,17
582,105,3.0,19.0,52.0,33.0,0,13,26,40
582,115,2058.0,2767.0,31.0,13.0,1,18,0,18
583,105,3.0,19.0,52.0,33.0,0,13,27,41
583,115,2060.0,2746.0,100.0,31.0,1,19,0,19
584,105,3.0,19.0,52.0,33.0,0,13,28,42
584,115,2065.0,2730.0,95.0,30.0,1,20,0,20
585,105,3.0,19.0,52.0,33.0,0,13,29,43
585,115,2070.0,2714.0,90.0,32.0,1,21,0,21
586,115,2071.0,2696.0,89.0,34.0,1,22,0,22
587,115,2080.0,2680.0,80.0,33.0,1,23,0,23
588,115,2080.0,2680.0,80.0,33.0,0,23,1,24
589,115,2080.0,2680.0,80.0,33.0,0,23,2,25
590,115,2080.0,2680.0,80.0,33.0,0,23,3,26
591,115,2080.0,2680.0,80.0,33.0,0,23,4,27
592,115,2080.0,2680.0,80.0,33.0,0,23,5,28
593,115,2080.0,2680.0,80.0,33.0,0,23,6,29
594,115,2080.0,2680.0,80.0,33.0,0,23,7,30
595,115,2080.0,2680.0,80.0,33.0,0,23,8,31
596,115,2080.0,2680.0,80.0,33.0,0,23,9,32
597,115,2080.0,2680.0,80.0,33.0,0,23,10,33
598,115,2080.0,2680.0,80.0,33.0,0,23,11,34
599,115,2080.0,2680.0,80.0,33.0,0,23,12,35
600,115,2080.0,2680.0,80.0,33.0,0,23,13,36
601,115,2080.0,2680.0,80.0,33.0,0,23,14,37
602,115,2080.0,2680.0,80.0,33.0,0,23,15,38
603,115,2080.0,2680.0,80.0,33.0,0,23,16,39
604,115,2080.0,2680.0,80.0,33.0,0,23,17,40
605,115,2080.0,2680.0,80.0,33.0,0,23,18,41
606,115,2080.0,2680.0,80.0,33.0,0,23,19,42
607,115,2080.0,2680.0,80.0,33.0,0,23,20,43
608,115,2080.0,2680.0,80.0,33.0,0,23,21,44
609,115,2080.0,2680.0,80.0,33.0,0,23,22,45
610,115,2080.0,2680.0,80.0,33.0,0,23,23,46
611,115,2080.0,2680.0,80.0,33.0,0,23,24,47
611,125,217.0,19.0,64.0,32.0,1,5,0,5
612,115,2080.0,2680.0,80.0,33.0,0,23,25,48
612,125,182.0,19.0,64.0,32.0,1,6,0,6
613,115,2080.0,2680.0,80.0,33.0,0,23,26,49
613,125,149.0,19.0,59.0,32.0,1,7,0,7
614,115,2080.0,2680.0,80.0,33.0,0,23,27,50
614,125,106.0,19.0,64.0,32.0,1,8,0,8
615,115,2080.0,2680.0,80.0,33.0,0,23,28,51
615,125,63.0,19.0,64.0,32.0,1,9,0,9
616,115,2080.0,2680.0,80.0,33.0,0,23,29,52
616,125,18.0,19.0,64.0,32.0,1,10,0,10
617,125,5.0,19.0,21.0,32.0,1,11,0,11
618,125,5.0,19.0,21.0,32.0,0,11,1,12
619,125,5.0,19.0,21.0,32.0,0,11,2,13
620,125,5.0,19.0,21.0,32.0,0,11,3,14
621,125,5.0,19.0,21.0,32.0,0,11,4,15
622,125,5.0,19.0,21.0,32.0,0,11,5,16
623,125,5.0,19.0,21.0,32.0,0,11,6,17
624,125,5.0,19.0,21.0,32.0,0,11,7,18
625,125,5.0,19.0,21.0,32.0,0,11,8,19
626,125,5.0,19.0,21.0,32.0,0,11,9,20
627,125,5.0,19.0,21.0,32.0,0,11,10,21
628,125,5.0,19.0,21.0,32.0,0,11,11,22
629,125,5.0,19.0,21.0,32.0,0,11,12,23
630,125,5.0,19.0,21.0,32.0,0,11,13,24
631,125,5.0,19.0,21.0,32.0,0,11,14,25
632,125,5.0,19.0,21.0,32.0,0,11,15,26
633,125,5.0,19.0,21.0,32.0,0,11,16,27
634,125,5.0,19.0,21.0,32.0,0,11,17,28
635,125,5.0,19.0,21.0,32.0,0,11,18,29
636,125,5.0,19.0,21.0,32.0,0,11,19,30
637,125,5.0,19.0,21.0,32.0,0,11,20,31
638,125,5.0,19.0,21.0,32.0,0,11,21,32
639,125,5.0,19.0,21.0,32.0,0,11,22,33
640,125,5.0,19.0,21.0,32.0,0,11,23,34
641,125,5.0,19.0,21.0,32.0,0,11,24,35
641,132,2063.0,2990.0,97.0,30.0,1,5,0,5
642,125,5.0,19.0,21.0,32.0,0,11,25,36
642,132,2059.0,2973.0,101.0,30.0,1,6,0,6
643,125,5.0,19.0,21.0,32.0,0,11,26,37
643,132,2055.0,2956.0,105.0,33.0,1,7,0,7
644,125,5.0,19.0,21.0,32.0,0,11,27,38
644,132,2051.0,2942.0,109.0,29.0,1,8,0,8
645,125,5.0,19.0,21.0,32.0,0,11,28,39
645,132,2051.0,2928.0,109.0,23.0,1,9,0,9
646,125,5.0,19.0,21.0,32.0,0,11,29,40
646,132,2049.0,2921.0,56.0,16.0,1,10,0,10
647,132,2047.0,2899.0,113.0,18.0,1,11,0,11
648,132,2046.0,2882.0,114.0,22.0,1,12,0,12
649,132,2047.0,2868.0,113.0,19.0,1,13,0,13
650,132,2047.0,2853.0,113.0,19.0,1,14,0,14
651,132,2049.0,2837.0,111.0,20.0,1,15,0,15
652,132,2051.0,2818.0,109.0,24.0,1,16,0,16
653,132,2052.0,2802.0,108.0,23.0,1,17,0,17
654,132,2055.0,2783.0,105.0,27.0,1,18,0,18
655,132,2057.0,2767.0,103.0,27.0,1,19,0,19
656,132,2061.0,2750.0,99.0,29.0,1,20,0,20
657,132,2062.0,2734.0,98.0,30.0,1,21,0,21
658,132,2069.0,2718.0,91.0,31.0,1,22,0,22
659,132,2073.0,2701.0,87.0,32.0,1,23,0,23
660,132,2073.0,2701.0,87.0,32.0,0,23,1,24
661,132,2073.0,2701.0,87.0,32.0,0,23,2,25
662,132,2073.0,2701.0,87.0,32.0,0,23,3,26
663,132,2073.0,2701.0,87.0,32.0,0,23,4,27
664,132,2073.0,2701.0,87.0,32.0,0,23,5,28
665,132,2073.0,2701.0,87.0,32.0,0,23,6,29
666,132,2073.0,2701.0,87.0,32.0,0,23,7,30
667,132,2073.0,2701.0,87.0,32.0,0,23,8,31
668,132,2073.0,2701.0,87.0,32.0,0,23,9,32
669,132,2073.0,2701.0,87.0,32.0,0,23,10,33
670,132,2156.0,2523.0,4.0,5.0,1,24,0,34
